2020.1646902069626, 88.81400346881833
2020.0729166416402, 80.88190935826856
2020.3773010979219, 90.60261292511859
2020.6057404068665, 99.54566020662082
2020.604462, 85.54784707035674
2020.8333627193713, 99.54566020662082
2020.8320839423347, 85.54784707035674
2021.0607719023699, 97.21269135057673
2021.0597062548395, 85.54784707035674
2021.2883942148746, 97.21269135057673
2021.2873285673443, 85.54784707035674
2021.5158744410421,95.65737878
2021.5148798366804, 84.77019078500848
2021.7238177958177,87.88081593
2021.9858818365067, 91.14697232486219
2022.1984572058816, 92.54675363848878
2022.4073241218503, 94.87972249453287
2022.5013142340363, 85.54784707035674
2022.672990051192,96.04620692
2022.729043111294, 86.71433149837867
2022.8972236045502, 100.47884774903855
2022.9567719885517,87.88081593
2023.1104383624431, 108.87753563079696
2023.1848916032375, 93.32440992383681
2023.3380606749479, 108.87753563079696
2023.4127270452482,95.65737878
2023.5658961169586, 111.21050448684105
2023.6404914440905, 97.21269135057673
2023.7935184294633, 111.21050448684105
2023.8681137565952, 97.21269135057673
2024.0212117851368, 111.98816077218908
2024.0957360690998, 97.21269135057673
2024.2485499249667, 108.87753563079696
2024.3231452520986, 94.87972249453287
2024.4759591079655, 106.5445667747531
2024.5507675646033, 94.87972249453287
2024.7186709895013, 105.61137923233537
2024.9318431214933, 113.54347334288514
2024.930493301288,98.76800392
2025.1594654339979, 113.54347334288514
2025.1581866569613, 99.54566020662082
2025.3870877465026, 113.54347334288514
2025.385808969466, 99.54566020662082
2025.6147100590074, 113.54347334288514
2025.6134312819709, 99.54566020662082
2025.8423323715122, 113.54347334288514
2025.8410535944756, 99.54566020662082
2026.0846606199373, 108.41094185958809
2025.9928018028122, 99.54566020662082
2026.2969376080034, 106.5445667747531
2026.5256255680385, 118.20941105497309
2026.524346791002,104.2115979
2026.7532478805433, 118.20941105497309
2026.7519691035068,104.2115979
2026.980870193048, 118.20941105497309
2026.9795914160115,104.2115979
2027.2085635487215, 118.98706734032135
2027.2072137285163,104.2115979
2027.436043774889, 117.43175476962506
2027.434836041021,104.2115979
2027.682279397592, 113.54347334288514
2027.6245213014417,104.2115979
2027.8907200545489, 111.21050448684105
2028.119408014584, 122.87534876706127
2028.1181292375475, 108.87753563079696
2028.3470303270888, 122.87534876706127
2028.3457515500522, 108.87753563079696
2028.5746526395935, 122.87534876706127
2028.573373862557, 108.87753563079696
2028.8020618225921, 120.54237991101718
2028.8009961750618, 108.87753563079696
2029.0485993787624, 119.95913769700633
2028.9906814354822, 108.87753563079696
2029.257946, 127.54128647914945
2029.2565960159147, 112.7658170575371
2029.4855681486247, 127.54128647914945
2029.4842893715881, 113.54347334288514
2029.7131904611294, 127.54128647914945
2029.711911684093, 113.54347334288514
2029.9410259031401, 129.8742553351933
2029.9395339965974, 113.54347334288514
2030.1685061293076, 128.31894276449748
2030.1671563091022, 113.54347334288514
2030.3958442691376, 125.20831762310536
2030.394778621607, 113.54347334288514
2030.6234665816423, 125.20831762310536
2030.6224009341117, 113.54347334288514
2030.8505205487975, 118.98706734032135
2030.7741491424483, 113.54347334288514
2031.079563724676, 134.5401930472815
2031.0778586886274, 115.87644219892923
2031.3067597781687, 129.8742553351933
2031.3056230874695, 117.43175476962506
2031.5343820906735, 129.8742553351933
2031.533316443143, 118.20941105497309
2031.762004403178, 129.8742553351933
2031.7609387556477, 118.20941105497309
2031.9896267156828, 129.8742553351933
2031.9885610681524, 118.20941105497309
2032.2322533454164, 128.0078802503583
2032.140309276489, 118.20941105497309
2032.4455817723792, 137.6508181886736
2032.444231952174, 122.87534876706127
2032.6729199122092, 134.5401930472815
2032.6718542646788, 122.87534876706127
2032.900542224714, 134.5401930472815
2032.8994765771836, 122.87534876706127
2033.127596191869, 128.31894276449748
2033.0512247855202, 122.87534876706127
2033.354934331699, 125.20831762310536
2033.4323713855788, 142.3167559007618
2033.58277, 127.54128647914945
2033.6786247690743, 138.6228885453586
2033.8879712264318, 146.2050373275017
2033.8866924493952, 132.2072241912374
2034.1155935389365, 146.2050373275017
2034.114527891406, 134.5401930472815
2034.343215851441, 146.2050373275017
2034.3421502039107, 134.5401930472815
2034.5701987754276, 139.20613075936944
2034.7981052606071, 142.3167559007618
2035.0265090479675, 150.87097503958967
2035.025230270931, 136.87316190332558
2035.2541313604722, 150.87097503958967
2035.2530657129419, 139.20613075936944
2035.4819668024832, 153.20394389563376
2035.4806880254466, 139.20613075936944
2035.7094470286504, 151.64863132493792
2035.7083103379514, 139.20613075936944
2035.936643082143, 146.98269361284974
2036.1651179126723, 156.31456903702588
2036.1637680924669, 141.53909961541353
2036.3928112683457, 157.09222532237368
2036.3913904049716, 141.53909961541353
2036.6203625376816, 156.31456903702588
2036.6190127174764, 141.53909961541353
2036.847842763849, 154.75925646632982
2036.8466350299811, 141.53909961541353
2037.0754650763538, 154.75925646632982
2037.074257342486, 141.53909961541353
2037.3181627492559, 153.67053766684262
2037.2260055508225, 141.53909961541353
2037.5314201330502, 162.5358193198099
2037.5299282265075, 146.2050373275017
2037.7589003592175, 160.98050674911406
2037.7575505390123, 146.2050373275017
2037.9862384990474, 157.86988160772194
2037.985172851517, 146.2050373275017
2038.2290356323858, 157.86988160772194
2038.1369210598536, 146.2050373275017
2038.4424777284187, 168.7570696025939
2038.4408437355387, 150.87097503958967
2038.6703131704296,171.0900385
2038.6687502207183, 153.9816001809818
2038.898006526103, 171.86769474398602
2038.8966567058978, 157.09222532237368
2039.1256288386078, 171.86769474398602
2039.3534642806185, 174.2006636000301
2039.4278464782442, 157.86988160772194
2039.5810865931232, 174.2006636000301
2039.6556819202551, 160.2028504637658
2039.808708905628, 174.2006636000301
2039.8833042327597, 160.2028504637658
2040.0364022613014, 174.97831988537814
2040.1111396747706, 162.5358193198099
2040.2643797896496, 178.8666013121183
2040.3387619872753, 162.5358193198099
2040.4920021021544, 178.8666013121183
2040.566384, 162.5358193198099
2040.7196244146592, 178.8666013121183
2040.7942197417908, 164.86878817585398
2040.947246727164, 178.8666013121183
2041.0218420542956, 164.86878817585398
2041.175011126006, 180.42191388281412
2041.2494643668003, 164.86878817585398
2041.4027044816796, 181.19957016816215
2041.477086679305, 164.86878817585398
2041.629900535172, 176.5336324560742
2041.7047089918099, 164.86878817585398
2041.8576649340143, 178.08894502677003
2041.9324023474833,165.6464445
2042.1603088326628, 168.7570696025939
2042.3134779043733, 184.31019530955427
2042.3880021883363, 169.53472588794193
2042.5412423032153, 185.86550788025033
2042.615624500841, 169.53472588794193
2042.7873536003735, 180.6163279541513
2042.8433533780988, 170.7012103159641
2042.9967711008997, 188.97613302164245
2043.0712953848627, 174.2006636000301
2043.224535499742, 190.5314455923383
2043.2989176973674, 174.2006636000301
2043.4518736395719, 187.42082045094617
2043.5265400098722, 174.2006636000301
2043.6793538657391, 185.86550788025033
2043.7542333655456, 174.97831988537814
2043.9078286962683, 195.19738330442647
2043.9819977643879, 176.5336324560742
2044.135451008773, 195.19738330442647
2044.2098332063986, 178.8666013121183
2044.3631443644465, 195.9750395897745
2044.4374555189033, 178.8666013121183
2044.5911929359634, 200.64097730186268
2044.6655040904202, 183.53253902420624
2044.8189573348054, 202.1962898725585
2044.8931974460936, 184.31019530955427
2045.0465796473102, 202.1962898725585
2045.120961844936, 185.86550788025033
2045.274201959815, 202.1962898725585
2045.3485131142718, 185.0878515949023
2045.5013980133076, 197.53035216047056
2045.5759933404393, 183.53253902420624
2045.7282388509566, 188.97613302164245
2045.9555769907865, 185.86550788025033
2046.1844780803278, 199.86332101651465
2046.1831993032913, 185.86550788025033
2046.4118162201578, 196.7526958751223
2046.372884563712, 185.86550788025033
2046.638870187313, 190.5314455923383
2046.8665635429863, 191.30910187768654
2047.0198036578656, 207.63988386999472
2047.0943279418286, 192.86441444838238
2047.2619756113195, 200.79650855893215
2047.4741247216818, 197.53035216047056
2047.7017470341866, 197.53035216047056
2047.929511433029, 199.0856647311664
2048.157204788702, 199.86332101651465
2048.384827101207, 199.86332101651465
2048.6124494137116, 199.86332101651465
2048.8400717262166, 199.86332101651465
2049.0081882806207, 212.92794661036123
2049.067694038721, 199.86332101651465
2049.2215735421187, 223.19300957695486
2049.2959557397444, 206.8622275846467
2049.4494089841296, 225.52597843299895
2049.523578052249, 206.8622275846467
2049.6772444261405, 227.85894728904304
2049.751555580597, 210.7505090113866
2049.905079868151, 230.19191614508713
2049.979391022608, 213.0834778674307
2050.132702180656, 230.19191614508713
2050.2070843782817, 213.86113415277873
2050.3603244931605, 230.19191614508713
2050.4348487771235, 215.4164467234748
2050.588088892003, 231.7472287157832
2050.662542132797, 216.19410300882282
2050.815782247676,232.524885
2050.890377574808, 218.5270718648669
2051.043404560181,232.524885
2051.1179998873126, 218.5270718648669
2051.2710268726855,232.524885
2051.345622199817, 218.5270718648669
2051.4990044010337, 236.41316642787115
2051.573457641828,220.8600407
2051.7268398430447, 238.74613528391524
2051.8012220406704, 222.41535329160706
2051.9545331987183, 239.52379156926327
2052.028915396344, 223.19300957695486
2052.1822265543915, 240.30144785461107
2052.2567508383545, 225.52597843299895
2052.409990953234, 241.85676042530736
2052.4843731508595, 225.52597843299895
2052.6376132657383, 241.85676042530736
2052.711995463364, 225.52597843299895
2052.865093491906, 240.30144785461107
2052.939617775869, 225.52597843299895
2053.0929999770856, 243.41207299600342
2053.1674532178795, 227.85894728904304
2053.321119591771, 248.8556669934394
2053.3952886598904, 230.19191614508713
2053.548883990613, 250.41097956413546
2053.6230530587327, 231.7472287157832
2053.776648389455, 251.9662921348313
2053.8509595439123, 234.8578538571751
2054.0044127882975, 253.52160470552735
2054.078794985923, 237.19082271321918
2054.232035100802, 253.52160470552735
2054.3062752120904, 235.63551014252312
2054.4597284564757, 254.29926099087538
2054.5338264814263, 234.8578538571751
2054.6116187511493, 255.85457356157144
2054.7615908802686, 236.41316642787115
2054.989284235942, 237.19082271321918
2055.216906548447, 237.19082271321918
2055.332422740748, 255.85457356157144
2055.4447419904577, 239.52379156926327
2055.672577432468, 241.85676042530736
2055.900199744973, 241.85676042530736
2056.0536529893584, 260.5205112736596
2056.1279641438155, 243.41207299600342
2056.3557285426573, 244.96738556669925
2056.585269020717, 265.9641052710956
2056.583563984668, 247.30035442274334
2056.813033419559, 267.51941784179166
2056.8113283835105, 248.8556669934394
2057.040869, 269.85238669783575
2057.039235, 251.9662921348313
2057.268491174075, 269.85238669783575
2057.2672123970383, 255.85457356157144
2057.4961134865794, 269.85238669783575
2057.494834709543, 255.85457356157144
2057.7225280652165, 256.6322298469195
2057.8000361622644, 274.5183244099237
2057.9502924640583, 258.18754241761553
2058.0276584747694, 274.5183244099237
2058.1779147765633, 258.18754241761553
2058.255280787274, 274.5183244099237
2058.405537089068, 258.18754241761553
2058.4070289956107, 274.5183244099237
2058.6332304447415, 258.96519870296356
2058.862699879632, 279.1842621220119
2058.861136929921, 262.0758238443557
2059.0906774079804, 283.07254354875204
2059.088972371932, 264.4087927003998
2059.318370763654, 283.85019983409984
2059.316736770774, 265.9641052710956
2059.5459930761585, 283.85019983409984
2059.544501169616, 267.51941784179166
2059.7736153886635, 283.85019983409984
2059.7721234821206, 267.51941784179166
2059.9240848199634, 269.85238669783575
