239.75155009626548, 80.25827080472635
240.161517, 91.86700767263429
240.16286058221982, 90.61426628401111
240.38253370216825, 82.72199553568524
240.3843699096948, 81.00991563790024
240.1741465406759, 80.09123861957661
240.58715887750856,88.86042834
240.58877115728797, 87.35713867359092
240.59038343706743, 85.85384900724313
240.80374179454634, 83.84946278544606
240.79514296905603, 91.86700767263429
240.79675524883544, 90.36371800628649
240.9644323,81.71980242
241.21272343193039, 96.37687667167762
241.21433571170985, 94.87358700532985
241.21576884929158, 93.53732952413179
241.45273814842938, 108.9042905579092
241.4126461245807, 106.89990433611214
241.3082510088621, 105.77243708635132
241.23045850950422, 79.84069034185197
241.23207078928365,78.33740068
241.2336830690631,76.83411101
241.44757885313516,74.32862823
241.44972855950778, 72.32424201011304
241.76018198814842, 111.07570896485598
241.76663110726616, 105.06255029946485
241.7334898006888, 103.14168017024267
241.73510208046824, 101.6383905038949
241.73671436024767, 100.1351008375471
241.7383266400271,98.63181117
241.73993891980655, 97.12852150485153
241.74155119958598, 95.62523183850374
241.74316347936542, 94.12194217215597
241.7447757591449, 92.61865250580817
241.7463880389243, 91.11536283946037
241.74800031870376,89.61207317
241.74961259848317, 88.10878350676481
241.75109052161434, 86.73076797927934
242.0313316186103, 160.21657783591365
241.99127542320116, 158.17878517708667
241.94026468240168, 156.5084633255891
242.00824914643465, 142.35248563414746
241.90492888390236, 140.22282527348807
241.9065411636818, 138.7195356071403
241.90815344346123, 137.21624594079253
241.8748329946862, 135.46240799672012
241.9670016554107, 115.16799750102498
241.8280768810825, 113.41415955695254
242.04412237152715, 108.9042905579092
242.0456002946583, 107.52627503042373
242.01725104186988, 133.9591183303723
242.0188633216493, 132.45582866402452
242.02047560142876, 130.95253899767675
242.0285370003259, 123.4360906659378
242.03014928010538, 121.93280099959001
242.03176155988479, 120.42951133324223
242.03337383966425, 118.92622166689443
242.03498611944366, 117.42293200054667
242.2812618557528, 84.72638175748227
242.33607936825368, 82.84726967454756
242.17928515970334, 81.34398000819976
242.1808974394828, 79.84069034185197
242.1825097192622,78.33740068
242.18412199904168,76.83411101
242.1857342788211,75.33082134
242.18734655860055, 73.82753167646084
242.2419625, 72.13633080181958
242.43160694518537, 180.86175592042326
242.39147909289716, 178.89077613565615
242.39309137267657, 177.38748646930839
242.19621409738744, 164.02491165732806
242.1978263771669, 162.52162199098026
242.20588777606406, 155.00517365924134
242.2096497622161, 151.4974977710965
242.21126204199555, 149.9942081047487
242.21341174836812, 147.98982188295167
242.2177111611133, 143.98104943935755
242.51598292030928, 112.0361440294671
242.35918871175897, 110.5328543631193
242.3646973343387, 105.39661466976435
242.36630961411814, 103.89332500341658
242.36792189389757, 102.39003533706878
242.3695342, 100.88674567072098
242.3716838800496, 98.88235944892395
242.37329615982904, 97.37906978257615
242.37490843960848, 95.87578011622838
242.3765207193879, 94.37249044988059
242.37813299916735, 92.86920078353279
242.37974527894679, 91.36591111718502
242.38135755872622, 89.86262145083722
242.27736551295249, 88.35933178448943
242.38485083158167, 86.60549384041701
242.5949846295017, 186.07316009709558
242.59659690928117, 184.5698704307478
242.59820918906058, 183.06658076440002
242.65893839408608, 175.6754065715234
242.60806200993494, 173.87981058116355
242.60967428971438, 172.37652091481576
242.6111074272961, 171.04026343361772
242.56676973336158, 113.9152561124018
242.90669205352634, 141.60084080097357
242.8558156693752, 139.80524481061371
242.8576518769018, 138.09316491282874
242.85912980003295, 136.71514938534324
242.86083165091122, 135.1283436264206
242.8624439306907, 133.62505396007282
242.86405621047012, 132.12176429372502
242.86566849024956, 130.61847462737722
242.8672808, 129.11518496102946
242.86889304980843, 127.61189529468166
242.87050532958787, 126.10860562833388
242.8721176093673, 124.60531596198608
242.87372988914674, 123.1020262956383
242.87534216892618, 121.59873662929051
242.87695444870562, 120.09544696294273
242.87856672848505, 118.59215729659493
242.77448511161248, 117.17238372282202
242.7760973913919, 115.66909405647422
242.8110301199464, 181.56329109805222
242.81317982631896, 179.55890487625518
242.81479210609842, 178.0556152099074
243.12340932721247, 185.69733768050864
243.04158612840598, 163.5238151018788
243.04319840818542,162.0205254
243.04481068796485, 160.51723576918323
243.04642296774432, 159.01394610283543
243.04803524752373, 157.51065643648764
243.0496475273032, 156.00736677013987
243.0512598070826, 154.50407710379207
243.05287208686207, 153.00078743744427
243.05448436664147, 151.4974977710965
243.05609664642094, 149.9942081047487
243.05770892620035, 148.4909184384009
243.0593212059798, 146.98762877205314
243.06093348575922, 145.48433910570535
243.0625457655387, 143.98104943935755
243.23864254589284, 111.07570896485598
243.2055012393155, 109.15483883563383
243.20711351909495, 107.65154916928603
243.20872579887438, 106.14825950293826
243.21033807865382, 104.64496983659046
243.21195035843326, 103.14168017024267
243.2135626382127, 101.6383905038949
243.21517491799213, 100.1351008375471
243.21678719777157,98.63181117
243.2183995, 97.12852150485153
243.21987740068215, 95.75050597736606
243.25798990324608, 93.03623296868255
243.22484859666878, 91.11536283946037
243.2264608764482,89.61207317
243.2811440323008, 87.85823522904016
243.4579573814458, 169.16115135068299
243.45988316007123, 167.36555536032313
243.40878284817296, 165.77874960140048
243.29417662718458, 124.9393803322856
243.29578890696402, 123.4360906659378
243.29740118674346, 121.93280099959001
243.2990134665229, 120.42951133324223
243.30062574630233, 118.92622166689443
243.30223802608177, 117.42293200054667
243.3038503058612, 115.91964233419887
243.30653743882692, 113.41415955695254
243.4410284437617, 86.48021970155472
243.44976162590032,78.33740068
243.4519113322729, 76.33301445370714
243.44734320623115, 179.05780832080592
243.44895548601062, 177.55451865445815
243.45056776579003, 176.05122898811035
243.4521800455695, 174.54793932176256
243.45379232534893, 173.0446496554148
243.45540460512836,171.54136
243.5483794057426,84.8516559
243.54999168552206, 83.34836622999683
243.56181507057124, 72.32424201011304
243.6746746551319, 164.02491165732806
243.6838109072154, 155.50627021469057
243.79156493914115, 153.50188399289354
243.79317721892056, 151.99859432654574
243.79478949870003, 150.49530466019797
243.79640177847944, 148.99201499385018
243.69187230611257, 147.98982188295167
243.6934846, 146.48653221660388
243.69482815237487, 145.23379082798073
243.69832142523032, 141.9766632175605
243.69993370500976, 140.47337355121272
243.80715031034237, 138.97008388486495
243.8087625901218, 137.46679421851715
243.81037486990124, 135.96350455216935
243.81198714968068, 134.46021488582159
243.8135994294601, 132.9569252194738
243.81521170923955,131.4536356
243.81682398901899, 129.95034588677822
243.81843626879842, 128.44705622043043
243.82004854857786, 126.94376655408264
243.92726515391047, 125.44047688773485
243.92887743368993, 123.93718722138706
243.93048971346934, 122.43389755503928
243.9321019932488, 120.93060788869148
243.93371427302822, 119.4273182223437
244.0411995916574, 117.67348027827128
244.1486849102866, 115.91964233419887
244.15029719006606, 114.41635266785107
244.04603643099574, 113.16361127922792
244.04751435412686, 111.78559575174245
243.94338795170484, 110.40758022425698
243.9450002314843, 108.9042905579092
243.94661251126374, 107.40100089156141
243.94822479104317, 105.89771122521361
243.9498370708226, 104.39442155886584
243.95144935060205, 102.89113189251805
243.95306163038148, 101.38784222617025
243.95467391016092, 99.88455255982248
243.95628618994036, 98.38126289347468
244.0640402218661, 96.37687667167762
244.06565250164556, 94.87358700532985
244.0671304247767, 93.49557147784438
243.9627353090581, 92.36810422808352
243.96434758883754, 90.86481456173576
244.07183290746673, 89.11097661766334
244.44319468333057, 87.48241281245322
244.3923182991794, 85.68681682209339
244.39393057895887,84.18352716
244.3955428587383,82.68023749
244.396976, 81.34398000819976
244.29298395054627, 79.84069034185197
244.2945962303257,78.33740068
244.29593979680857, 77.08465928688102
244.46160154414582,70.31985579
244.94228484616542, 98.04719852317515
244.9091435395881,96.12632839
244.91075581936752,94.62303873
244.91236809914696, 93.11974906125744
244.9139803789264, 91.61645939490964
244.91559265870583, 90.11316972856184
244.9169362251887,88.86042834
245.07854040174766, 76.03235652043756
245.03830506414084, 74.16159604676034
244.8285295506162,72.82533857
245.25094685282892, 112.21152782387435
245.21081900054065, 110.24054803910724
245.21234170922125, 108.8207744653343
245.10826009234864, 107.40100089156141
245.1098723721281, 105.89771122521361
245.11148465190752, 104.39442155886584
245.11309693168698, 102.89113189251805
245.1147092114664, 101.38784222617025
245.11632149124586, 99.88455255982248
245.29635939994972, 79.71541620298967
245.13929647810284,78.46267481
245.34056273723598, 87.73296109017787
245.2369737614071, 85.85384900724313
245.34472779333285, 83.84946278544606
245.45176525646775, 82.51320530424803
245.45301925185174, 81.34398000819976
245.91036928261894, 98.00544047688774
245.64810510516372, 96.37687667167762
245.6497173849432, 94.87358700532985
245.65132966472262, 93.37029733898206
245.65294194450206, 91.86700767263429
245.6545542242815, 90.36371800628649
245.65589779076436, 89.11097661766334
245.6663776093307,79.33959379
245.95309469677406, 107.40100089156141
245.9547069765535, 105.89771122521361
245.95631925633293, 104.39442155886584
245.95793153611237, 102.89113189251805
246.0653272836427, 101.22081004102051
246.06693956342212, 99.71752037467272
246.263996, 112.9130630015033
246.33672771318138, 110.7416445945565
246.2806562052965, 97.37906978257615
246.5845709437205, 109.40538711335844
246.4961643, 93.37029733898206
246.49777654892745, 91.86700767263429
246.69178754905312, 107.90209744701068
246.69339982883258, 106.39880778066288
246.6950121, 104.89551811431508
246.69662438839146, 103.39222844796731
246.80370663707578, 102.01421292048184
247.1749340562913, 100.51092325413404
247.01854291768586,98.63181117
247.02015519746527, 97.12852150485153
246.9164318649881, 95.37468356077912
247.34254397502872, 91.92964474206542
247.44606577253342, 93.87139389443132
247.75392163930718, 102.22300315191904
247.54441483907914, 100.63619739299637
247.81386709721767, 95.56259476907258
247.96978798755413, 97.88016633802542
247.97462482689247, 93.37029733898206
248.08184143222508, 91.86700767263429
248.0834537120045, 90.36371800628649
248.19102860173257, 88.52636396963919
248.15063203614775,86.80593246
248.28310769135823, 101.13729394844563
248.28471997113766, 99.63400428209783
248.60395136746632, 97.37906978257615
248.81695144054981, 95.70874793107862
248.76598548529984, 93.99666803329364
249.0312950801162, 92.78568469095791
249.14305741871584, 87.04395332643512
249.37892051478275, 96.87797322712689
249.23972702715798, 95.37468356077912
249.2413393069374, 93.87139389443132
249.4471736921123, 98.88235944892395
249.80689122512464, 91.69997548748452
250.01415874788125, 95.37468356077912
249.87496526025643, 93.87139389443132
250.33425002675898, 98.88235944892395
250.29379971851483, 97.21203759742642
250.39183528621456, 104.26914742000352
250.55346633410318, 101.26256808730795
250.495693, 105.89771122521361
250.95766487480824, 108.40319400245994
250.81895507111727, 99.88455255982248
251.01565320420866, 113.41415955695254
251.01726548398813, 111.91086989060477
251.01887776376753, 110.40758022425698
251.13218520382247, 103.22519626281758
251.0284170857959, 101.51311636503257
251.26018230409008, 115.16799750102498
251.32816676812303, 117.42293200054667
251.4807959205765, 106.39880778066288
251.34133371965513, 105.14606639203973
251.7419852448454, 125.44047688773485
251.74341838242714, 124.10421940653683
251.53346372670478, 122.93499411048855
251.53507600648422, 121.43170444414075
251.53641957296708, 120.1789630555176
251.96689827407698, 112.66251472377866
251.7570331894535, 111.4097733351555
251.75864546923293, 109.90648366880771
251.7599890357158, 108.65374228018456
251.9607178682558, 118.42512511144518
251.96233014803522, 116.9218354450974
251.9639424278147, 115.4185457787496
251.96528599429752, 114.16580439012645
252.37722347794391, 123.93718722138706
252.37883575772332, 122.43389755503928
252.32778023137445, 120.80533374982917
252.64566806122028, 119.80314063893066
252.73640358436307, 117.2558998153969
252.7031727066869, 115.4185457787496
252.81012059872293, 114.16580439012645
252.6067046332172, 106.89990433611214
252.60804819970008,105.6471629
252.80125305993602, 122.43389755503928
253.03225692388992, 103.97684109599146
253.12881456845847, 112.41196644605404
253.23603117379108, 110.90867677970624
253.2376434535705, 109.40538711335844
253.23925573334995, 107.90209744701068
253.45301716077375, 105.52188880862667
253.35292145780033, 100.38564911527175
253.35453373757974, 98.88235944892395
253.35587730406263,97.62961806
253.66615159050554, 103.72629281826681
253.87946516243505, 101.76366464275719
253.8857799249045, 95.87578011622838
253.88739220468395, 94.37249044988059
253.8887357711668, 93.11974906125744
254.09268916326567, 99.88455255982248
254.26380579052335, 97.88016633802542
254.2078328108472, 90.99008870059805
254.3151837728281, 89.36152489538796
254.31652733931097, 88.10878350676481
254.62393535059044, 96.87797322712689
254.5306918366796, 85.35275245179386
254.60342356895202, 83.18133404484706
255.01294263292925, 95.20765137562935
254.9445103, 93.37029733898206
254.9457643, 92.20107204293379
254.9471974463677, 90.86481456173576
254.94880972614715, 89.36152489538796
254.95042200592658, 87.85823522904016
254.95176557240944, 86.60549384041701
255.37619822434644, 84.72638175748227
255.37785528967532, 83.18133404484706
255.7920320507931, 90.86481456173576
255.7935547594737, 89.44504098796284
255.6896522847988, 87.85823522904016
255.58566023902506,86.35494556
255.9919547434434, 101.38784222617025
255.85311954021404, 99.55048818952295
256.0510716686895, 95.49995769964141
256.00019528453834, 93.70436170928159
256.0016284, 92.36810422808352
256.2013719725726, 103.05816407766778
256.4635465789289, 104.77024397545279
256.4605907326666, 97.67972771584573
256.61966900423783, 106.89990433611214
256.52642549032703, 95.37468356077912
256.52803777010644, 93.87139389443132
256.5293813365893, 92.61865250580817
256.6271929765419, 99.88455255982248
256.9698024296724, 108.65374228018456
256.8365206345722, 101.6383905038949
257.19270010917967, 114.16580439012645
257.04584829260256, 103.39222844796731
257.4580544895455, 112.9130630015033
257.3900700255125, 110.65812850198162
257.4645036086632, 106.89990433611214
257.2551759506329, 105.14606639203973
257.87906104695116, 114.22844145955762
258.0961142, 108.77901641904688
258.03435493959563, 100.71971348557125
258.0011240619194, 98.88235944892395
258.10834066725204, 97.37906978257615
258.10954987708664, 96.25160253281533
258.09759213538916, 107.40100089156141
258.0992044151686, 105.89771122521361
258.1008167, 104.39442155886584
258.10242897472745, 102.89113189251805
258.21663212577096, 94.87358700532985
258.2182444055504, 93.37029733898206
258.4090308461172, 112.41196644605404
258.4106431258966, 110.90867677970624
258.51768058903156, 109.57241929850821
258.3265358640693, 90.86481456173576
258.4380518821471, 85.35275245179386
258.43952980527826, 83.97473692430839
258.5420439279208, 86.85604211814166
258.5463433, 82.84726967454756
258.87112814512386, 108.23616181731018
258.83789726744766, 106.39880778066288
258.83950954722707, 104.89551811431508
258.84112182700653, 103.39222844796731
258.84273410678594, 101.88893878161952
258.73820463441905, 100.88674567072098
258.74035434079167, 98.88235944892395
258.9718060602398, 80.00772252700173
258.95425012486373, 96.37687667167762
258.9558624046432, 94.87358700532985
259.0630790099758, 93.37029733898206
259.1704747575061, 91.69997548748452
259.17208703728556, 90.19668582113675
259.1736993, 88.69339615478896
259.0792018077702,78.33740068
259.2922914519525, 76.58356273143178
259.4708962230747, 74.16159604676034
259.5943251973006, 90.36371800628649
259.5959375,88.86042834
259.5972810435628, 87.60768695131554
259.60238659619773, 82.84726967454756
259.60373016268056, 81.59452828592438
259.81681980686295, 79.84069034185197
259.8893723969377, 77.83630412005493
260.0317904441213, 76.33301445370714
260.41416946514465, 74.27851857636514
260.6546678655775,86.35494556
260.92579958181955, 79.71541620298967
260.8748784, 77.96157825891726
260.6648789708472,76.83411101
261.0614997965889, 100.88674567072098
261.0631120763684, 99.38345600437322
261.0647243561478, 97.88016633802542
261.0663366359272, 96.37687667167762
261.06794891570667, 94.87358700532985
261.06956119548613, 93.37029733898206
261.0717109018587, 91.36591111718502
261.0786974475696,84.8516559
261.0803097, 83.34836622999683
261.08192200712847, 81.84507656364903
261.9137240166701, 93.99666803329364
261.8104037541378, 91.86700767263429
261.8120160339172, 90.36371800628649
261.81362831369665,88.86042834
261.8151062368278, 87.48241281245322
261.7107111211092,86.35494556
261.71205468759206, 85.10220417406924
261.91009638716633, 97.37906978257615
262.12291731805215, 95.87578011622838
262.3290204165236, 100.63619739299637
262.4414769311394, 94.24721631101826
263.0179341306125, 98.31862582404352
262.8609383870898, 97.00324736598921
263.22739614529115, 99.94718962925364
262.9680206357741, 95.62523183850374
263.38354096337474, 102.05597096676925
263.4345606612841, 93.87139389443132
263.48744343804964, 103.64277672569193
263.74236278539854, 95.70874793107862
263.8104368205303, 97.88016633802542
263.81500494657206,93.62084562
264.11744176186494, 107.02517847497447
264.0189583, 100.38564911527175
264.4277608338573, 113.08009518665304
264.35950765652774, 111.07570896485598
264.21995588450756, 109.90648366880771
264.22156816428696, 108.40319400245994
264.8580156, 105.77243708635132
264.6488223, 103.89332500341658
265.06138678717633, 113.08009518665304
265.0651935588778, 109.53066125222077
264.96160458304894, 107.65154916928603
265.4854163691685, 111.57680552030524
265.70002872203145, 108.40319400245994
266.0145576356701, 110.5328543631193
266.1254914416053, 105.56364685491411
266.02194725132586, 103.64277672569193
265.9886268025508, 101.88893878161952
266.1315822763276, 99.88455255982248
266.33311724875733, 108.9042905579092
266.33472952853674, 107.40100089156141
266.34386578062026, 98.88235944892395
266.34547806039967, 97.37906978257615
266.34709034017914, 95.87578011622838
266.34870261995854, 94.37249044988059
266.3503149, 92.86920078353279
266.35165846622084, 91.61645939490964
266.9753420275667, 100.88674567072098
267.0825586328993, 99.38345600437322
267.08417091267876, 97.88016633802542
267.08578319245817, 96.37687667167762
267.08739547223763, 94.87358700532985
267.1966274272945, 91.49118525604732
267.3534216358449, 92.99447492239511
267.8686525106939, 95.07402562750954
267.8292457057514, 92.43074129751469
267.6229410723075, 87.85823522904016
267.9295429436973, 97.37906978257615
268.3363748747088, 111.91086989060477
268.3379871544882, 110.40758022425698
268.2393693746459, 103.89332500341658
268.24098165442535, 102.39003533706878
268.2425939342048, 100.88674567072098
268.4649541871189, 90.48899214514881
268.46687996574434, 88.69339615478896
268.4681339611284, 87.52417085874066
268.4452037598208, 108.9042905579092
268.92028886816183, 99.18301738219353
268.8800714447747, 97.29555369000127
268.6698480757558, 96.37687667167762
268.67146035553526, 94.87358700532985
269.1086568890595, 120.47962098878715
268.96274556902034, 118.67567338916982
268.96435784879975, 117.17238372282202
268.9658357719309, 115.79436819533655
269.13337851234417, 107.27572675269909
269.08241255709413, 105.56364685491411
269.08393526577476, 104.1438732811412
268.97967450670444, 102.89113189251805
268.9812867864839, 101.38784222617025
269.38072910183956, 122.80971997162622
269.4960071060694, 113.78998197353951
269.4978433, 112.07790207575451
269.5523697200256, 110.47021729368814
269.2895009376531, 109.40538711335844
269.70224456118916, 118.42512511144518
269.70385684096857, 116.9218354450974
269.70546912074803, 115.4185457787496
270.22650420280297, 121.93280099959001
,
,90.50444262
